<?xml version="1.0" encoding="UTF-8"?>
<project-private xmlns="http://www.netbeans.org/ns/project-private/1">
    <editor-bookmarks xmlns="http://www.netbeans.org/ns/editor-bookmarks/2" lastBookmarkId="0"/>
    <open-files xmlns="http://www.netbeans.org/ns/projectui-open-files/2">
        <group>
            <file>file:/D:/PI%20Pet%20Miau/Pet/src/views/TabelaAgendar.java</file>
            <file>file:/D:/PI%20Pet%20Miau/Pet/src/controller/ConectarDao.java</file>
            <file>file:/D:/PI%20Pet%20Miau/Pet/src/controller/AgendarDao.java</file>
        </group>
    </open-files>
</project-private>
